id,orderId,orderType,tc,transactionNumber,storeNumber,storeCity,storeState,countryCode,tenderAmt,tenderType,terminal,cardEntryMethodCode,deviceOperatorId,business,paymentType,paymentStatus,paymentHolderName,paymentSuffixDigits,cardBin,visit_date,datetime,ingestTimestamp
5681d93a-fc36-3599-92af-570aad843085-af62a8a8-3a54-3ca6-a45b-b81488fcbe38,5681d93a-fc36-3599-92af-570aad843085,sales_order,202502121036164,269,5505,SALEM,NH,US,34.41999816894531,VISA_TENDER,82,SCAN_AND_GO,9083,WALMART,CARD,COMPLETED,,1111,,2025-02-12,2025-02-12T10:36:16-05:00,2025-02-12T10:50:47.842000+00:00
02d1f171-4bbd-32f8-8c8b-45084f5d03ac-af62a8a8-3a54-3ca6-a45b-b81488fcbe38,02d1f171-4bbd-32f8-8c8b-45084f5d03ac,sales_order,202502121036154,268,5505,SALEM,NH,US,34.41999816894531,VISA_TENDER,82,SCAN_AND_GO,9083,WALMART,CARD,COMPLETED,,1111,,2025-02-12,2025-02-12T10:36:15-05:00,2025-02-12T10:50:47.842000+00:00
83a4397b-76d1-38ad-b092-505c8e416976-645c74bf-1ac1-37a7-bfae-11eadbb9cdeb,83a4397b-76d1-38ad-b092-505c8e416976,sales_order,202502121036144,267,5505,SALEM,NH,US,28.43000030517578,VISA_TENDER,82,SCAN_AND_GO,9083,WALMART,CARD,COMPLETED,,1111,,2025-02-12,2025-02-12T10:36:14-05:00,2025-02-12T10:50:47.842000+00:00
83a4397b-76d1-38ad-b092-505c8e416976-645c74bf-1ac1-37a7-bfae-11eadbb9cdeb,83a4397b-76d1-38ad-b092-505c8e416976,sales_order,202502121036144,267,5505,SALEM,NH,US,28.43000030517578,VISA_TENDER,82,SCAN_AND_GO,9083,WALMART,CARD,COMPLETED,,1111,,2025-02-12,2025-02-12T10:36:14-05:00,2025-02-12T10:50:47.842000+00:00
03b30471-3aab-315e-8c58-d602438f5fa2-645c74bf-1ac1-37a7-bfae-11eadbb9cdeb,03b30471-3aab-315e-8c58-d602438f5fa2,sales_order,202502121036134,266,5505,SALEM,NH,US,28.43000030517578,VISA_TENDER,82,SCAN_AND_GO,9083,WALMART,CARD,COMPLETED,,1111,,2025-02-12,2025-02-12T10:36:13-05:00,2025-02-12T10:50:35.530000+00:00
30d6c7fe-9532-368a-a2bc-10eab5d1132b-9d590071-fd7e-397b-8060-32b6f3234b04,30d6c7fe-9532-368a-a2bc-10eab5d1132b,sales_order,202502121036054,258,5505,SALEM,NH,US,508.1000061035156,VISA_TENDER,82,SCAN_AND_GO,9998,WALMART,CARD,COMPLETED,,1111,,2025-02-12,2025-02-12T10:36:05-05:00,2025-02-12T10:50:06.318000+00:00
914b9ec4-18d1-38e9-942e-e8334e6fcf24-9d590071-fd7e-397b-8060-32b6f3234b04,914b9ec4-18d1-38e9-942e-e8334e6fcf24,sales_order,202502121036004,253,5505,SALEM,NH,US,508.1000061035156,VISA_TENDER,82,SCAN_AND_GO,9998,WALMART,CARD,COMPLETED,,1111,,2025-02-12,2025-02-12T10:36:00-05:00,2025-02-12T10:49:50.581000+00:00
4fc074c4-2960-3e22-89ca-598a6191399a-f0a51209-5676-34a0-9d52-0d808c9bfc48,4fc074c4-2960-3e22-89ca-598a6191399a,sales_order,202502121035173,210,5505,SALEM,NH,US,30.0,DEBIT_TENDER,82,SCAN_AND_GO,9998,WALMART,CARD,COMPLETED,,0000,,2025-02-12,2025-02-12T10:35:17-05:00,2025-02-12T10:45:00.724000+00:00
652f81f4-baa5-3ef8-90d6-e36ef4384bab-3e650be5-7ab1-3390-9719-3f5d686ea04b,652f81f4-baa5-3ef8-90d6-e36ef4384bab,sales_order,202502121035143,207,5505,SALEM,NH,US,45.0,DISCOVER_TENDER,82,SCAN_AND_GO,9998,WALMART,CARD,COMPLETED,,0000,,2025-02-12,2025-02-12T10:35:14-05:00,2025-02-12T10:44:45.161000+00:00
22cde7fb-46aa-3036-a9b0-a136dbc0a5e8-e090e54c-23b9-3483-a7b0-577415ddd7dc,22cde7fb-46aa-3036-a9b0-a136dbc0a5e8,sales_order,202502121035123,205,5505,SALEM,NH,US,55.0,MASTERCARD_TENDER,82,SCAN_AND_GO,9998,WALMART,CARD,COMPLETED,,0000,,2025-02-12,2025-02-12T10:35:12-05:00,2025-02-12T10:44:30.143000+00:00
2667366d-79e3-339f-aaec-758caa56eb65-9d590071-fd7e-397b-8060-32b6f3234b04,2667366d-79e3-339f-aaec-758caa56eb65,sales_order,202502121034562,189,5505,SALEM,NH,US,508.1000061035156,VISA_TENDER,82,SCAN_AND_GO,9998,WALMART,CARD,COMPLETED,,1111,,2025-02-12,2025-02-12T10:34:56-05:00,2025-02-12T10:43:45.850000+00:00
8daf8063-c95d-3650-9a7a-7d72c594d017-9d590071-fd7e-397b-8060-32b6f3234b04,8daf8063-c95d-3650-9a7a-7d72c594d017,sales_order,202502121034472,180,5505,SALEM,NH,US,508.1000061035156,VISA_TENDER,82,SCAN_AND_GO,9998,WALMART,CARD,COMPLETED,,1111,,2025-02-12,2025-02-12T10:34:47-05:00,2025-02-12T10:42:03.269000+00:00
d5088ead-f965-37e1-bc0a-0c9b61ad6ab0-f0a51209-5676-34a0-9d52-0d808c9bfc48,d5088ead-f965-37e1-bc0a-0c9b61ad6ab0,sales_order,202502121029424,261,5505,SALEM,NH,US,30.0,DEBIT_TENDER,82,SCAN_AND_GO,9998,WALMART,CARD,COMPLETED,,0000,,2025-02-12,2025-02-12T10:29:42-05:00,2025-02-12T10:38:51.442000+00:00
d61c5be1-1911-3fc8-8057-ad3f50ee1e0b-3e650be5-7ab1-3390-9719-3f5d686ea04b,d61c5be1-1911-3fc8-8057-ad3f50ee1e0b,sales_order,202502121029384,257,5505,SALEM,NH,US,45.0,DISCOVER_TENDER,82,SCAN_AND_GO,9998,WALMART,CARD,COMPLETED,,0000,,2025-02-12,2025-02-12T10:29:38-05:00,2025-02-12T10:38:38.957000+00:00
77375c3e-8936-326f-937b-9f367c05f934-e090e54c-23b9-3483-a7b0-577415ddd7dc,77375c3e-8936-326f-937b-9f367c05f934,sales_order,202502121029374,256,5505,SALEM,NH,US,55.0,MASTERCARD_TENDER,82,SCAN_AND_GO,9998,WALMART,CARD,COMPLETED,,0000,,2025-02-12,2025-02-12T10:29:37-05:00,2025-02-12T10:38:24.024000+00:00
f58ba76b-2901-34fe-b540-6924fc1f9bb3-9d590071-fd7e-397b-8060-32b6f3234b04,f58ba76b-2901-34fe-b540-6924fc1f9bb3,sales_order,202502121029223,241,5505,SALEM,NH,US,508.1000061035156,VISA_TENDER,82,SCAN_AND_GO,9998,WALMART,CARD,COMPLETED,,1111,,2025-02-12,2025-02-12T10:29:22-05:00,2025-02-12T10:37:55.406000+00:00
020ea972-10db-3585-a8d2-27350a3d18a0-9d590071-fd7e-397b-8060-32b6f3234b04,020ea972-10db-3585-a8d2-27350a3d18a0,sales_order,202502121029103,229,5505,SALEM,NH,US,508.1000061035156,VISA_TENDER,82,SCAN_AND_GO,9998,WALMART,CARD,COMPLETED,,1111,,2025-02-12,2025-02-12T10:29:10-05:00,2025-02-12T10:36:09.776000+00:00
e8e0cd05-21e2-37de-a5f8-e7bb90a88c71-af62a8a8-3a54-3ca6-a45b-b81488fcbe38,e8e0cd05-21e2-37de-a5f8-e7bb90a88c71,sales_order,202502121028502,209,5505,SALEM,NH,US,34.41999816894531,VISA_TENDER,82,SCAN_AND_GO,9083,WALMART,CARD,COMPLETED,,1111,,2025-02-12,2025-02-12T10:28:50-05:00,2025-02-12T10:32:57.352000+00:00
52b79609-f9da-3399-99a6-a7ec19e35c36-af62a8a8-3a54-3ca6-a45b-b81488fcbe38,52b79609-f9da-3399-99a6-a7ec19e35c36,sales_order,202502121028492,208,5505,SALEM,NH,US,34.41999816894531,VISA_TENDER,82,SCAN_AND_GO,9083,WALMART,CARD,COMPLETED,,1111,,2025-02-12,2025-02-12T10:28:49-05:00,2025-02-12T10:32:57.352000+00:00
fa112278-2052-3de2-a8fd-170fea557062-645c74bf-1ac1-37a7-bfae-11eadbb9cdeb,fa112278-2052-3de2-a8fd-170fea557062,sales_order,202502121028482,207,5505,SALEM,NH,US,28.43000030517578,VISA_TENDER,82,SCAN_AND_GO,9083,WALMART,CARD,COMPLETED,,1111,,2025-02-12,2025-02-12T10:28:48-05:00,2025-02-12T10:32:42.493000+00:00
fa112278-2052-3de2-a8fd-170fea557062-645c74bf-1ac1-37a7-bfae-11eadbb9cdeb,fa112278-2052-3de2-a8fd-170fea557062,sales_order,202502121028482,207,5505,SALEM,NH,US,28.43000030517578,VISA_TENDER,82,SCAN_AND_GO,9083,WALMART,CARD,COMPLETED,,1111,,2025-02-12,2025-02-12T10:28:48-05:00,2025-02-12T10:32:42.493000+00:00
8f31ecd8-89e0-3cf3-bfd4-006578d0d9ef-645c74bf-1ac1-37a7-bfae-11eadbb9cdeb,8f31ecd8-89e0-3cf3-bfd4-006578d0d9ef,sales_order,202502121028472,206,5505,SALEM,NH,US,28.43000030517578,VISA_TENDER,82,SCAN_AND_GO,9083,WALMART,CARD,COMPLETED,,1111,,2025-02-12,2025-02-12T10:28:47-05:00,2025-02-12T10:32:29.964000+00:00
a6d49420-f6e8-3047-ad48-2381c73e1340-9d590071-fd7e-397b-8060-32b6f3234b04,a6d49420-f6e8-3047-ad48-2381c73e1340,sales_order,202502121028392,198,5505,SALEM,NH,US,508.1000061035156,VISA_TENDER,82,SCAN_AND_GO,9998,WALMART,CARD,COMPLETED,,1111,,2025-02-12,2025-02-12T10:28:39-05:00,2025-02-12T10:32:00.548000+00:00
8e3cd85f-7ba6-3235-a901-12fcd70983ff-9d590071-fd7e-397b-8060-32b6f3234b04,8e3cd85f-7ba6-3235-a901-12fcd70983ff,sales_order,202502121028341,193,5505,SALEM,NH,US,508.1000061035156,VISA_TENDER,82,SCAN_AND_GO,9998,WALMART,CARD,COMPLETED,,1111,,2025-02-12,2025-02-12T10:28:34-05:00,2025-02-12T10:31:05.899000+00:00
7249593e-ef60-3dc5-90ba-4c6b7720c7a3-9d590071-fd7e-397b-8060-32b6f3234b04,7249593e-ef60-3dc5-90ba-4c6b7720c7a3,sales_order,202502120936446,273,5505,SALEM,NH,US,508.1000061035156,VISA_TENDER,82,SCAN_AND_GO,9998,WALMART,CARD,COMPLETED,,1111,,2025-02-12,2025-02-12T09:36:44-05:00,2025-02-12T09:36:56.519000+00:00
0784f823-a685-30ca-8ae1-faa2d647fda2-f0a51209-5676-34a0-9d52-0d808c9bfc48,0784f823-a685-30ca-8ae1-faa2d647fda2,sales_order,202502120936015,230,5505,SALEM,NH,US,30.0,DEBIT_TENDER,82,SCAN_AND_GO,9998,WALMART,CARD,COMPLETED,,0000,,2025-02-12,2025-02-12T09:36:01-05:00,2025-02-12T09:36:26.508000+00:00
1e39a0a3-3a01-3cab-adf5-16ea918d7ab6-3e650be5-7ab1-3390-9719-3f5d686ea04b,1e39a0a3-3a01-3cab-adf5-16ea918d7ab6,sales_order,202502120935575,226,5505,SALEM,NH,US,45.0,DISCOVER_TENDER,82,SCAN_AND_GO,9998,WALMART,CARD,COMPLETED,,0000,,2025-02-12,2025-02-12T09:35:57-05:00,2025-02-12T09:36:10.400000+00:00
9d49aac2-9882-3b40-b451-1800d33e613b-e090e54c-23b9-3483-a7b0-577415ddd7dc,9d49aac2-9882-3b40-b451-1800d33e613b,sales_order,202502120935565,225,5505,SALEM,NH,US,55.0,MASTERCARD_TENDER,82,SCAN_AND_GO,9998,WALMART,CARD,COMPLETED,,0000,,2025-02-12,2025-02-12T09:35:56-05:00,2025-02-12T09:36:10.400000+00:00
26cd324a-77af-3cd7-9c5e-1752856e8fda-9d590071-fd7e-397b-8060-32b6f3234b04,26cd324a-77af-3cd7-9c5e-1752856e8fda,sales_order,202502120935404,209,5505,SALEM,NH,US,508.1000061035156,VISA_TENDER,82,SCAN_AND_GO,9998,WALMART,CARD,COMPLETED,,1111,,2025-02-12,2025-02-12T09:35:40-05:00,2025-02-12T09:35:55.101000+00:00
d16c2960-3c12-3646-a1cb-c0a7fe21610d-9d590071-fd7e-397b-8060-32b6f3234b04,d16c2960-3c12-3646-a1cb-c0a7fe21610d,sales_order,202502120935314,200,5505,SALEM,NH,US,508.1000061035156,VISA_TENDER,82,SCAN_AND_GO,9998,WALMART,CARD,COMPLETED,,1111,,2025-02-12,2025-02-12T09:35:31-05:00,2025-02-12T09:35:55.101000+00:00
0831c1c0-06a5-3ab9-af4a-cfb9038a5b8a-af62a8a8-3a54-3ca6-a45b-b81488fcbe38,0831c1c0-06a5-3ab9-af4a-cfb9038a5b8a,sales_order,202502120935104,179,5505,SALEM,NH,US,34.41999816894531,VISA_TENDER,82,SCAN_AND_GO,9083,WALMART,CARD,COMPLETED,,1111,,2025-02-12,2025-02-12T09:35:10-05:00,2025-02-12T09:35:16.143000+00:00
baefac7f-7936-3c12-9cf9-4a0ffd18e0ca-af62a8a8-3a54-3ca6-a45b-b81488fcbe38,baefac7f-7936-3c12-9cf9-4a0ffd18e0ca,sales_order,202502120935094,178,5505,SALEM,NH,US,34.41999816894531,VISA_TENDER,82,SCAN_AND_GO,9083,WALMART,CARD,COMPLETED,,1111,,2025-02-12,2025-02-12T09:35:09-05:00,2025-02-12T09:35:16.143000+00:00
abf3cf63-87fa-33c6-a279-7cbce5fc5c0b-645c74bf-1ac1-37a7-bfae-11eadbb9cdeb,abf3cf63-87fa-33c6-a279-7cbce5fc5c0b,sales_order,202502120935084,177,5505,SALEM,NH,US,28.43000030517578,VISA_TENDER,82,SCAN_AND_GO,9083,WALMART,CARD,COMPLETED,,1111,,2025-02-12,2025-02-12T09:35:08-05:00,2025-02-12T09:35:16.143000+00:00
abf3cf63-87fa-33c6-a279-7cbce5fc5c0b-645c74bf-1ac1-37a7-bfae-11eadbb9cdeb,abf3cf63-87fa-33c6-a279-7cbce5fc5c0b,sales_order,202502120935084,177,5505,SALEM,NH,US,28.43000030517578,VISA_TENDER,82,SCAN_AND_GO,9083,WALMART,CARD,COMPLETED,,1111,,2025-02-12,2025-02-12T09:35:08-05:00,2025-02-12T09:35:16.143000+00:00
ae794743-b06a-3ffc-ae04-dfa28e1f9e1a-645c74bf-1ac1-37a7-bfae-11eadbb9cdeb,ae794743-b06a-3ffc-ae04-dfa28e1f9e1a,sales_order,202502120935074,176,5505,SALEM,NH,US,28.43000030517578,VISA_TENDER,82,SCAN_AND_GO,9083,WALMART,CARD,COMPLETED,,1111,,2025-02-12,2025-02-12T09:35:07-05:00,2025-02-12T09:35:16.143000+00:00
a6c64f12-a3a9-3f7a-9e23-22026aec8fea-9d590071-fd7e-397b-8060-32b6f3234b04,a6c64f12-a3a9-3f7a-9e23-22026aec8fea,sales_order,202502120934593,168,5505,SALEM,NH,US,508.1000061035156,VISA_TENDER,82,SCAN_AND_GO,9998,WALMART,CARD,COMPLETED,,1111,,2025-02-12,2025-02-12T09:34:59-05:00,2025-02-12T09:35:16.143000+00:00
b418ce04-c67d-3074-b6a9-0982674f4030-9d590071-fd7e-397b-8060-32b6f3234b04,b418ce04-c67d-3074-b6a9-0982674f4030,sales_order,202502120930023,273,5505,SALEM,NH,US,508.1000061035156,VISA_TENDER,82,SCAN_AND_GO,9998,WALMART,CARD,COMPLETED,,1111,,2025-02-12,2025-02-12T09:30:02-05:00,2025-02-12T09:30:44.690000+00:00
98c7d7cc-4518-3c3d-97de-13b5c27566b1-9d590071-fd7e-397b-8060-32b6f3234b04,98c7d7cc-4518-3c3d-97de-13b5c27566b1,sales_order,202502120929583,269,5505,SALEM,NH,US,508.1000061035156,VISA_TENDER,82,SCAN_AND_GO,9998,WALMART,CARD,COMPLETED,,1111,,2025-02-12,2025-02-12T09:29:58-05:00,2025-02-12T09:30:30.285000+00:00
3402b11a-428f-3eee-8acf-e59311b053d3-f0a51209-5676-34a0-9d52-0d808c9bfc48,3402b11a-428f-3eee-8acf-e59311b053d3,sales_order,202502120929152,226,5505,SALEM,NH,US,30.0,DEBIT_TENDER,82,SCAN_AND_GO,9998,WALMART,CARD,COMPLETED,,0000,,2025-02-12,2025-02-12T09:29:15-05:00,2025-02-12T09:29:36.932000+00:00
f8cc010b-b531-36fd-b6b3-3551341d212a-3e650be5-7ab1-3390-9719-3f5d686ea04b,f8cc010b-b531-36fd-b6b3-3551341d212a,sales_order,202502120929122,223,5505,SALEM,NH,US,45.0,DISCOVER_TENDER,82,SCAN_AND_GO,9998,WALMART,CARD,COMPLETED,,0000,,2025-02-12,2025-02-12T09:29:12-05:00,2025-02-12T09:29:36.932000+00:00
5dc7cfe9-aa11-34ee-8adb-d1105540dbb0-e090e54c-23b9-3483-a7b0-577415ddd7dc,5dc7cfe9-aa11-34ee-8adb-d1105540dbb0,sales_order,202502120929102,221,5505,SALEM,NH,US,55.0,MASTERCARD_TENDER,82,SCAN_AND_GO,9998,WALMART,CARD,COMPLETED,,0000,,2025-02-12,2025-02-12T09:29:10-05:00,2025-02-12T09:29:15.422000+00:00
49e6ef97-6815-38f0-9263-152cc43bfc9e-9d590071-fd7e-397b-8060-32b6f3234b04,49e6ef97-6815-38f0-9263-152cc43bfc9e,sales_order,202502120928542,205,5505,SALEM,NH,US,508.1000061035156,VISA_TENDER,82,SCAN_AND_GO,9998,WALMART,CARD,COMPLETED,,1111,,2025-02-12,2025-02-12T09:28:54-05:00,2025-02-12T09:29:15.422000+00:00
840359c4-4704-39c9-b359-e1a28f47192a-9d590071-fd7e-397b-8060-32b6f3234b04,840359c4-4704-39c9-b359-e1a28f47192a,sales_order,202502120928471,198,5505,SALEM,NH,US,508.1000061035156,VISA_TENDER,82,SCAN_AND_GO,9998,WALMART,CARD,COMPLETED,,1111,,2025-02-12,2025-02-12T09:28:47-05:00,2025-02-12T09:29:15.422000+00:00
f9558dc7-8421-356c-ac8d-7b62aad59d00-af62a8a8-3a54-3ca6-a45b-b81488fcbe38,f9558dc7-8421-356c-ac8d-7b62aad59d00,sales_order,202502120928241,175,5505,SALEM,NH,US,34.41999816894531,VISA_TENDER,82,SCAN_AND_GO,9083,WALMART,CARD,COMPLETED,,1111,,2025-02-12,2025-02-12T09:28:24-05:00,2025-02-12T09:28:50.428000+00:00
12f28611-712a-3a16-96ae-e10e6e9f3081-af62a8a8-3a54-3ca6-a45b-b81488fcbe38,12f28611-712a-3a16-96ae-e10e6e9f3081,sales_order,202502120928231,174,5505,SALEM,NH,US,34.41999816894531,VISA_TENDER,82,SCAN_AND_GO,9083,WALMART,CARD,COMPLETED,,1111,,2025-02-12,2025-02-12T09:28:23-05:00,2025-02-12T09:28:50.428000+00:00
06d36021-b4e4-3813-b919-8f5eeb983e82-645c74bf-1ac1-37a7-bfae-11eadbb9cdeb,06d36021-b4e4-3813-b919-8f5eeb983e82,sales_order,202502120928221,173,5505,SALEM,NH,US,28.43000030517578,VISA_TENDER,82,SCAN_AND_GO,9083,WALMART,CARD,COMPLETED,,1111,,2025-02-12,2025-02-12T09:28:22-05:00,2025-02-12T09:28:50.428000+00:00
06d36021-b4e4-3813-b919-8f5eeb983e82-645c74bf-1ac1-37a7-bfae-11eadbb9cdeb,06d36021-b4e4-3813-b919-8f5eeb983e82,sales_order,202502120928221,173,5505,SALEM,NH,US,28.43000030517578,VISA_TENDER,82,SCAN_AND_GO,9083,WALMART,CARD,COMPLETED,,1111,,2025-02-12,2025-02-12T09:28:22-05:00,2025-02-12T09:28:50.428000+00:00
e5f1ba2e-66bb-3027-b38e-fc29916b3cc2-645c74bf-1ac1-37a7-bfae-11eadbb9cdeb,e5f1ba2e-66bb-3027-b38e-fc29916b3cc2,sales_order,202502120928211,172,5505,SALEM,NH,US,28.43000030517578,VISA_TENDER,82,SCAN_AND_GO,9083,WALMART,CARD,COMPLETED,,1111,,2025-02-12,2025-02-12T09:28:21-05:00,2025-02-12T09:28:50.428000+00:00
fed987fd-2b7a-44ed-a4ac-b186dbcb3610-27c74914-5fc0-40ac-94cb-5437c0545d51,fed987fd-2b7a-44ed-a4ac-b186dbcb3610,sales_order,958797261599245914444,1860,5516,BENTONVILLE,AR,US,115.80000305175781,VISA_TENDER,15,SCAN_AND_GO,9015,SAMS,CARD,COMPLETED,John Doe,0001,400555,2025-02-12,2025-02-12T06:12:30-06:00,2025-02-12T07:18:33.141000+00:00
be013849-899f-4550-97c4-c4bad91fffe7-14c12ba4-fddd-499d-bcf1-1d9278e13e82,be013849-899f-4550-97c4-c4bad91fffe7,sales_order,113301957270798071999,6652,5516,BENTONVILLE,AR,US,215.6699981689453,VISA_TENDER,12,SCAN_AND_GO,9012,SAMS,CARD,COMPLETED,John Doe,0001,400555,2025-02-12,2025-02-12T06:12:05-06:00,2025-02-12T07:18:33.141000+00:00
63f7c7b6-fdd3-4721-b9d6-f5dfcd0041e0-e3d1b1ea-f8cf-45f9-9a28-668c4a6b9913,63f7c7b6-fdd3-4721-b9d6-f5dfcd0041e0,sales_order,345423796009870183727,758,5516,BENTONVILLE,AR,US,299.6000061035156,VISA_TENDER,42,SCAN_AND_GO,9042,SAMS,CARD,COMPLETED,John Doe,0001,400555,2025-02-12,2025-02-12T06:11:54-06:00,2025-02-12T07:18:33.141000+00:00
bc730c84-1f6b-47e2-a182-fad142718ddf-82edf7b2-b841-46a5-9081-fedc5d235894,bc730c84-1f6b-47e2-a182-fad142718ddf,sales_order,173341754240792075949,9966,5516,BENTONVILLE,AR,US,299.6000061035156,VISA_TENDER,14,SCAN_AND_GO,9014,SAMS,CARD,COMPLETED,John Doe,0001,400555,2025-02-12,2025-02-12T06:11:39-06:00,2025-02-12T07:18:33.141000+00:00
6c95e4f6-f8f0-4194-8994-b3c69542f180-cb39ab67-7de3-4b14-b76f-c4e20de657fc,6c95e4f6-f8f0-4194-8994-b3c69542f180,sales_order,14696921786101839070,1696,5516,BENTONVILLE,AR,US,20.760000228881836,VISA_TENDER,29,SCAN_AND_GO,9029,SAMS,CARD,COMPLETED,John Doe,0001,400555,2025-02-12,2025-02-12T06:11:34-06:00,2025-02-12T07:18:33.141000+00:00
d4726d93-d122-4c48-9974-51a86e7835a7-8f5c8ef7-e5fc-4e4b-be81-bfde227e1eea,d4726d93-d122-4c48-9974-51a86e7835a7,sales_order,18377566554242917434,408,5516,BENTONVILLE,AR,US,99.86000061035156,VISA_TENDER,52,SCAN_AND_GO,9052,SAMS,CARD,COMPLETED,John Doe,0001,400555,2025-02-12,2025-02-12T06:11:31-06:00,2025-02-12T07:18:33.141000+00:00
c73283e4-2b24-4db3-9828-c96277bda9ed-6a62feff-eacb-4dee-a9f5-198022dafea5,c73283e4-2b24-4db3-9828-c96277bda9ed,sales_order,786888444919021765262,7442,5516,BENTONVILLE,AR,US,123.37000274658203,VISA_TENDER,9,SCAN_AND_GO,9009,SAMS,CARD,COMPLETED,John Doe,0001,400555,2025-02-12,2025-02-12T06:11:25-06:00,2025-02-12T07:18:33.141000+00:00
120586a6-cea3-47c9-95d2-49dd10a6c22b-241fb6bc-b720-405e-b57f-a788890de757,120586a6-cea3-47c9-95d2-49dd10a6c22b,sales_order,682064409863318696111,1820,5516,BENTONVILLE,AR,US,115.80000305175781,VISA_TENDER,61,SCAN_AND_GO,9061,SAMS,CARD,COMPLETED,John Doe,0001,400555,2025-02-12,2025-02-12T06:11:23-06:00,2025-02-12T07:18:33.141000+00:00
8395a5ae-7b67-47ae-b7ad-5d117752d8cc-1a6d37aa-cf87-43f1-be7a-988cb15a8464,8395a5ae-7b67-47ae-b7ad-5d117752d8cc,sales_order,02104905842316628151,2784,5516,BENTONVILLE,AR,US,57.310001373291016,VISA_TENDER,30,SCAN_AND_GO,9030,SAMS,CARD,COMPLETED,John Doe,0001,400555,2025-02-12,2025-02-12T06:11:19-06:00,2025-02-12T07:18:33.141000+00:00
8395a5ae-7b67-47ae-b7ad-5d117752d8cc-1a6d37aa-cf87-43f1-be7a-988cb15a8464,8395a5ae-7b67-47ae-b7ad-5d117752d8cc,sales_order,02104905842316628151,2784,5516,BENTONVILLE,AR,US,57.310001373291016,VISA_TENDER,30,SCAN_AND_GO,9030,SAMS,CARD,COMPLETED,John Doe,0001,400555,2025-02-12,2025-02-12T06:11:19-06:00,2025-02-12T07:18:33.141000+00:00
1df65ec4-5e05-492d-b9f3-9a398647cbed-b623867d-4b5b-44c2-96a6-f62ae67840e5,1df65ec4-5e05-492d-b9f3-9a398647cbed,sales_order,023391650280796093939,7180,5516,BENTONVILLE,AR,US,153.5800018310547,VISA_TENDER,13,SCAN_AND_GO,9013,SAMS,CARD,COMPLETED,John Doe,0001,400555,2025-02-12,2025-02-12T06:11:17-06:00,2025-02-12T07:18:33.141000+00:00
bdc06b78-4100-4407-9ecf-bcfb29a109de-c1e83557-3602-4cfe-818f-4e80f611e193,bdc06b78-4100-4407-9ecf-bcfb29a109de,sales_order,3013054200798088929,1910,5516,BENTONVILLE,AR,US,10.770000457763672,VISA_TENDER,17,SCAN_AND_GO,9017,SAMS,CARD,COMPLETED,John Doe,0001,400555,2025-02-12,2025-02-12T06:11:09-06:00,2025-02-12T07:18:33.141000+00:00
bdc06b78-4100-4407-9ecf-bcfb29a109de-c1e83557-3602-4cfe-818f-4e80f611e193,bdc06b78-4100-4407-9ecf-bcfb29a109de,sales_order,3013054200798088929,1910,5516,BENTONVILLE,AR,US,10.770000457763672,VISA_TENDER,17,SCAN_AND_GO,9017,SAMS,CARD,COMPLETED,John Doe,0001,400555,2025-02-12,2025-02-12T06:11:09-06:00,2025-02-12T07:18:33.141000+00:00
5bb31682-0c49-4ce0-ab32-24c175167255-2ae1375c-c0fa-4acc-bb6b-c39b3453ae8f,5bb31682-0c49-4ce0-ab32-24c175167255,sales_order,3113457279792098919,6690,5516,BENTONVILLE,AR,US,22.5,VISA_TENDER,57,SCAN_AND_GO,9057,SAMS,CARD,COMPLETED,John Doe,0001,400555,2025-02-12,2025-02-12T06:11:05-06:00,2025-02-12T07:18:33.141000+00:00
a12d47bf-9f17-481a-a06e-66e3e9043920-1144860c-959d-49e4-b3e9-609ce61bd33b,a12d47bf-9f17-481a-a06e-66e3e9043920,sales_order,746898943971020735292,1804,5516,BENTONVILLE,AR,US,100.86000061035156,VISA_TENDER,79,SCAN_AND_GO,9079,SAMS,CARD,COMPLETED,John Doe,0001,400555,2025-02-12,2025-02-12T06:11:04-06:00,2025-02-12T07:18:33.141000+00:00
a12d47bf-9f17-481a-a06e-66e3e9043920-1144860c-959d-49e4-b3e9-609ce61bd33b,a12d47bf-9f17-481a-a06e-66e3e9043920,sales_order,746898943971020735292,1804,5516,BENTONVILLE,AR,US,100.86000061035156,VISA_TENDER,79,SCAN_AND_GO,9079,SAMS,CARD,COMPLETED,John Doe,0001,400555,2025-02-12,2025-02-12T06:11:04-06:00,2025-02-12T07:18:33.141000+00:00
0c27c6f5-f5c8-48a6-9cc2-b29e2a3b1e10-e1e16a6b-56da-4e99-b3e7-954fb61674ee,0c27c6f5-f5c8-48a6-9cc2-b29e2a3b1e10,sales_order,35043292001878144717,992,5516,BENTONVILLE,AR,US,1.8600000143051147,VISA_TENDER,18,SCAN_AND_GO,9018,SAMS,CARD,COMPLETED,John Doe,0001,400555,2025-02-12,2025-02-12T06:11:02-06:00,2025-02-12T07:18:33.141000+00:00
900ee68a-50cf-4861-ae39-1e2a332efae3-d7a0c50d-13af-4bb4-ad90-c0415cc45d3f,900ee68a-50cf-4861-ae39-1e2a332efae3,sales_order,8677966505245950444,7410,5516,BENTONVILLE,AR,US,45.0,VISA_TENDER,7,SCAN_AND_GO,9007,SAMS,CARD,COMPLETED,John Doe,0001,400555,2025-02-12,2025-02-12T06:10:57-06:00,2025-02-12T07:18:33.141000+00:00
7202f2f1-dac8-44c1-a1e2-66985e94e00a-b94392f0-b469-4833-970f-a284e9d96122,7202f2f1-dac8-44c1-a1e2-66985e94e00a,sales_order,87269584338463597656,614,5516,BENTONVILLE,AR,US,2.0,VISA_TENDER,43,SCAN_AND_GO,9043,SAMS,CARD,COMPLETED,John Doe,0001,400555,2025-02-12,2025-02-12T06:10:53-06:00,2025-02-12T07:18:33.141000+00:00
7202f2f1-dac8-44c1-a1e2-66985e94e00a-844ca557-b970-4d8c-b4b7-995a681c0289,7202f2f1-dac8-44c1-a1e2-66985e94e00a,sales_order,87269584338463597656,614,5516,BENTONVILLE,AR,US,69.19999694824219,VISA_TENDER,43,SCAN_AND_GO,9043,SAMS,CARD,COMPLETED,John Doe,0001,400555,2025-02-12,2025-02-12T06:10:53-06:00,2025-02-12T07:18:33.141000+00:00
f778529a-c8d1-4fe4-b577-6c221ea363cd-3532748a-4f51-4594-8fea-08ed3fdc1049,f778529a-c8d1-4fe4-b577-6c221ea363cd,sales_order,79155177141685354868,7404,5516,BENTONVILLE,AR,US,6.21999979019165,VISA_TENDER,7,SCAN_AND_GO,9007,SAMS,CARD,COMPLETED,John Doe,0001,400555,2025-02-12,2025-02-12T06:10:53-06:00,2025-02-12T07:18:33.141000+00:00
5a771d9b-b6af-4b36-ac23-5a8f2dafc81b-48b0c01a-2363-42fc-9aac-0ccc5703e4f8,5a771d9b-b6af-4b36-ac23-5a8f2dafc81b,sales_order,92404005802319672191,4748,5516,BENTONVILLE,AR,US,28.979999542236328,VISA_TENDER,33,SCAN_AND_GO,9033,SAMS,CARD,COMPLETED,John Doe,0001,400555,2025-02-12,2025-02-12T06:10:50-06:00,2025-02-12T07:18:33.141000+00:00
511a2368-a88a-4a34-bcce-4298a9f121b3-db96080a-dbe7-4573-ae0d-777cf4a4363e,511a2368-a88a-4a34-bcce-4298a9f121b3,sales_order,70212013681531466343,9538,5516,BENTONVILLE,AR,US,21.040000915527344,VISA_TENDER,40,SCAN_AND_GO,9040,SAMS,CARD,COMPLETED,John Doe,0001,400555,2025-02-12,2025-02-12T06:10:44-06:00,2025-02-12T07:18:33.141000+00:00
01e67d30-4ecf-4309-b635-6f6f32da088d-3af5dfff-38db-4871-b9e9-3e1e4f7e6d20,01e67d30-4ecf-4309-b635-6f6f32da088d,sales_order,59655772145688343888,7842,5516,BENTONVILLE,AR,US,65.75,VISA_TENDER,21,SCAN_AND_GO,9021,SAMS,CARD,COMPLETED,John Doe,0001,400555,2025-02-12,2025-02-12T06:10:44-06:00,2025-02-12T07:18:33.141000+00:00
511a2368-a88a-4a34-bcce-4298a9f121b3-db96080a-dbe7-4573-ae0d-777cf4a4363e,511a2368-a88a-4a34-bcce-4298a9f121b3,sales_order,70212013681531466343,9538,5516,BENTONVILLE,AR,US,21.040000915527344,VISA_TENDER,40,SCAN_AND_GO,9040,SAMS,CARD,COMPLETED,John Doe,0001,400555,2025-02-12,2025-02-12T06:10:44-06:00,2025-02-12T07:18:33.141000+00:00
e5fef5f7-11ea-458d-93cb-f7304785d5b8-5995a439-4fb0-4e66-bd13-3aca08d850cd,e5fef5f7-11ea-458d-93cb-f7304785d5b8,sales_order,7496485331465515626,160,5516,BENTONVILLE,AR,US,67.91000366210938,VISA_TENDER,91,SCAN_AND_GO,9091,SAMS,CARD,COMPLETED,John Doe,0001,400555,2025-02-12,2025-02-12T06:10:35-06:00,2025-02-12T07:18:33.141000+00:00
cc80cad1-abc8-45f4-8889-a706606dac31-fede9a3a-8a65-4b15-8a9b-370f6380dd4f,cc80cad1-abc8-45f4-8889-a706606dac31,sales_order,46988340902021771272,6684,5516,BENTONVILLE,AR,US,1.1699999570846558,VISA_TENDER,57,SCAN_AND_GO,9057,SAMS,CARD,COMPLETED,John Doe,0001,400555,2025-02-12,2025-02-12T06:10:34-06:00,2025-02-12T07:18:33.141000+00:00
cc80cad1-abc8-45f4-8889-a706606dac31-fede9a3a-8a65-4b15-8a9b-370f6380dd4f,cc80cad1-abc8-45f4-8889-a706606dac31,sales_order,46988340902021771272,6684,5516,BENTONVILLE,AR,US,1.1699999570846558,VISA_TENDER,57,SCAN_AND_GO,9057,SAMS,CARD,COMPLETED,John Doe,0001,400555,2025-02-12,2025-02-12T06:10:34-06:00,2025-02-12T07:18:33.141000+00:00
197e36cf-d155-4c27-9d69-8483535d2f76-37864b94-1d33-41fe-9800-7115f1e14a93,197e36cf-d155-4c27-9d69-8483535d2f76,sales_order,46088945977022711222,1904,5516,BENTONVILLE,AR,US,65.75,VISA_TENDER,17,SCAN_AND_GO,9017,SAMS,CARD,COMPLETED,John Doe,0001,400555,2025-02-12,2025-02-12T06:10:31-06:00,2025-02-12T07:18:33.141000+00:00
3ad189fa-f7bf-4c85-9ab5-52a857dd096b-d54fc4af-263e-4011-840f-ad9d2b109a63,3ad189fa-f7bf-4c85-9ab5-52a857dd096b,sales_order,13231558253796053979,4742,5516,BENTONVILLE,AR,US,6.480000019073486,VISA_TENDER,33,SCAN_AND_GO,9033,SAMS,CARD,COMPLETED,John Doe,0001,400555,2025-02-12,2025-02-12T06:10:25-06:00,2025-02-12T07:18:33.141000+00:00
b45f8c13-c693-4b55-9d89-f44af8f629ee-99f93695-1002-4961-be43-34d6b4dd868d,b45f8c13-c693-4b55-9d89-f44af8f629ee,sales_order,68277866561249938404,4434,5516,BENTONVILLE,AR,US,67.91000366210938,VISA_TENDER,83,SCAN_AND_GO,9083,SAMS,CARD,COMPLETED,John Doe,0001,400555,2025-02-12,2025-02-12T06:10:22-06:00,2025-02-12T07:18:33.141000+00:00
f63ae163-8e8d-45ac-8035-c89ee5a12401-c4d01890-b32e-4a62-8815-73637629b55b,f63ae163-8e8d-45ac-8035-c89ee5a12401,sales_order,6788249923020745202,5050,5516,BENTONVILLE,AR,US,16.459999084472656,VISA_TENDER,89,SCAN_AND_GO,9089,SAMS,CARD,COMPLETED,John Doe,0001,400555,2025-02-12,2025-02-12T06:10:14-06:00,2025-02-12T07:18:33.141000+00:00
8f47fa5a-e92c-442d-968c-bbe25b275054-3b6b7cbc-56f6-456d-9d32-35ee9c44e0a5,8f47fa5a-e92c-442d-968c-bbe25b275054,sales_order,06788944991024779242,406,5516,BENTONVILLE,AR,US,14.140000343322754,VISA_TENDER,70,SCAN_AND_GO,9070,SAMS,CARD,COMPLETED,John Doe,0001,400555,2025-02-12,2025-02-12T06:10:13-06:00,2025-02-12T07:18:33.141000+00:00
8f47fa5a-e92c-442d-968c-bbe25b275054-3b6b7cbc-56f6-456d-9d32-35ee9c44e0a5,8f47fa5a-e92c-442d-968c-bbe25b275054,sales_order,06788944991024779242,406,5516,BENTONVILLE,AR,US,14.140000343322754,VISA_TENDER,70,SCAN_AND_GO,9070,SAMS,CARD,COMPLETED,John Doe,0001,400555,2025-02-12,2025-02-12T06:10:13-06:00,2025-02-12T07:18:33.141000+00:00
af681605-76f4-45a2-be71-00d3e8ea9977-1b6898ec-737b-452e-9f3f-94b17d8fb1c4,af681605-76f4-45a2-be71-00d3e8ea9977,sales_order,92304709866311655111,1898,5516,BENTONVILLE,AR,US,2.0,VISA_TENDER,17,SCAN_AND_GO,1000,SAMS,CARD,COMPLETED,John Doe,0001,400555,2025-02-12,2025-02-12T06:10:10-06:00,2025-02-12T07:18:33.141000+00:00
af681605-76f4-45a2-be71-00d3e8ea9977-81c59656-ff2a-4b68-97b2-90c88658fed8,af681605-76f4-45a2-be71-00d3e8ea9977,sales_order,92304709866311655111,1898,5516,BENTONVILLE,AR,US,63.75,VISA_TENDER,17,SCAN_AND_GO,1000,SAMS,CARD,COMPLETED,John Doe,0001,400555,2025-02-12,2025-02-12T06:10:10-06:00,2025-02-12T07:18:33.141000+00:00
761a237e-1242-4d28-8353-e502ed59ba8a-57ee941c-d558-42bb-a0da-c487bdc33c11,761a237e-1242-4d28-8353-e502ed59ba8a,sales_order,5834097081871122767,6500,5516,BENTONVILLE,AR,US,67.91000366210938,VISA_TENDER,19,SCAN_AND_GO,9019,SAMS,CARD,COMPLETED,John Doe,0001,400555,2025-02-12,2025-02-12T06:10:09-06:00,2025-02-12T07:18:33.141000+00:00
12d96e55-d331-4c8c-bfc4-8ee5af83858b-8d8c4f3f-ffeb-42cb-8730-1c605a5b0905,12d96e55-d331-4c8c-bfc4-8ee5af83858b,sales_order,14596928773102881030,196,5516,BENTONVILLE,AR,US,87.13999938964844,VISA_TENDER,76,SCAN_AND_GO,9076,SAMS,CARD,COMPLETED,John Doe,0001,400555,2025-02-12,2025-02-12T06:10:02-06:00,2025-02-12T07:18:33.141000+00:00
12d96e55-d331-4c8c-bfc4-8ee5af83858b-8d8c4f3f-ffeb-42cb-8730-1c605a5b0905,12d96e55-d331-4c8c-bfc4-8ee5af83858b,sales_order,14596928773102881030,196,5516,BENTONVILLE,AR,US,87.13999938964844,VISA_TENDER,76,SCAN_AND_GO,9076,SAMS,CARD,COMPLETED,John Doe,0001,400555,2025-02-12,2025-02-12T06:10:02-06:00,2025-02-12T07:18:33.141000+00:00
31a29a05-8f30-4209-927a-2725a3830759-c8f31a5f-4cb2-40bb-9680-c87e07ed4fda,31a29a05-8f30-4209-927a-2725a3830759,sales_order,3213557270791041939,6640,5516,BENTONVILLE,AR,US,3.9200000762939453,VISA_TENDER,12,SCAN_AND_GO,9012,SAMS,CARD,COMPLETED,John Doe,0001,400555,2025-02-12,2025-02-12T06:10:01-06:00,2025-02-12T07:18:33.141000+00:00
31a29a05-8f30-4209-927a-2725a3830759-c8f31a5f-4cb2-40bb-9680-c87e07ed4fda,31a29a05-8f30-4209-927a-2725a3830759,sales_order,3213557270791041939,6640,5516,BENTONVILLE,AR,US,3.9200000762939453,VISA_TENDER,12,SCAN_AND_GO,9012,SAMS,CARD,COMPLETED,John Doe,0001,400555,2025-02-12,2025-02-12T06:10:01-06:00,2025-02-12T07:18:33.141000+00:00
7509d37d-dd04-41dc-9f77-c61cd4b3af7e-a95a17d9-5c72-450f-ad8a-1c461837965d,7509d37d-dd04-41dc-9f77-c61cd4b3af7e,sales_order,47869484331467569696,666,5516,BENTONVILLE,AR,US,42.529998779296875,VISA_TENDER,92,SCAN_AND_GO,9092,SAMS,CARD,COMPLETED,John Doe,0001,400555,2025-02-12,2025-02-12T06:09:59-06:00,2025-02-12T07:18:33.141000+00:00
6678ec93-4fe6-4d63-99b0-99a289c89142-59825de7-dacb-4aba-a6d4-c18fdbcccd12,6678ec93-4fe6-4d63-99b0-99a289c89142,sales_order,79155471186686332858,5074,5516,BENTONVILLE,AR,US,2.1600000858306885,VISA_TENDER,68,SCAN_AND_GO,9068,SAMS,CARD,COMPLETED,John Doe,0001,400555,2025-02-12,2025-02-12T06:09:51-06:00,2025-02-12T07:18:33.141000+00:00
e5441f46-fd53-4b5c-99e7-660b6eee65b3-4eac5d15-da63-4d7c-bb44-932f3fb9ae8e,e5441f46-fd53-4b5c-99e7-660b6eee65b3,sales_order,81420934483958236595,8068,5516,BENTONVILLE,AR,US,6.480000019073486,VISA_TENDER,49,SCAN_AND_GO,9049,SAMS,CARD,COMPLETED,John Doe,0001,400555,2025-02-12,2025-02-12T06:09:51-06:00,2025-02-12T07:18:33.141000+00:00
f8caac89-9916-478f-85bf-9f4fa0a14811-b925cbca-c88d-492a-a2df-3e43a857fdde,f8caac89-9916-478f-85bf-9f4fa0a14811,sales_order,85043393051878151797,3226,5516,BENTONVILLE,AR,US,4.360000133514404,VISA_TENDER,11,SCAN_AND_GO,9011,SAMS,CARD,COMPLETED,John Doe,0001,400555,2025-02-12,2025-02-12T06:09:44-06:00,2025-02-12T07:18:33.141000+00:00
4f5d71f2-06ea-465f-9bb2-fbd3196cf451-594cb12b-0b42-4e59-a345-29cf8c95c015,4f5d71f2-06ea-465f-9bb2-fbd3196cf451,sales_order,97369685357464572686,1152,5516,BENTONVILLE,AR,US,4.360000133514404,VISA_TENDER,37,SCAN_AND_GO,9037,SAMS,CARD,COMPLETED,John Doe,0001,400555,2025-02-12,2025-02-12T06:09:41-06:00,2025-02-12T07:18:33.141000+00:00
9f307151-c086-495e-b4eb-878f41a70712-78bae40d-2396-44eb-addf-9f998c2426c2,9f307151-c086-495e-b4eb-878f41a70712,sales_order,02304103875311655111,9654,5516,BENTONVILLE,AR,US,63.75,VISA_TENDER,77,SCAN_AND_GO,9077,SAMS,CARD,COMPLETED,John Doe,0001,400555,2025-02-12,2025-02-12T06:09:37-06:00,2025-02-12T07:18:33.141000+00:00
9f307151-c086-495e-b4eb-878f41a70712-462f9d5d-1f90-43fd-a47c-fc92a3ea4ddb,9f307151-c086-495e-b4eb-878f41a70712,sales_order,02304103875311655111,9654,5516,BENTONVILLE,AR,US,2.0,VISA_TENDER,77,SCAN_AND_GO,9077,SAMS,CARD,COMPLETED,John Doe,0001,400555,2025-02-12,2025-02-12T06:09:37-06:00,2025-02-12T07:18:33.141000+00:00
0a136bad-9793-440c-b83c-e6778112ab8a-2943c8ab-3f8b-4b44-bb30-330dc105f6f6,0a136bad-9793-440c-b83c-e6778112ab8a,sales_order,1202639420951266545,1690,5516,BENTONVILLE,AR,US,2.0,VISA_TENDER,29,SCAN_AND_GO,9029,SAMS,CARD,COMPLETED,John Doe,0001,400555,2025-02-12,2025-02-12T06:09:33-06:00,2025-02-12T07:18:33.141000+00:00
0a136bad-9793-440c-b83c-e6778112ab8a-3fffda33-f23f-49d1-b157-08d1927c2c26,0a136bad-9793-440c-b83c-e6778112ab8a,sales_order,1202639420951266545,1690,5516,BENTONVILLE,AR,US,8.930000305175781,VISA_TENDER,29,SCAN_AND_GO,9029,SAMS,CARD,COMPLETED,John Doe,0001,400555,2025-02-12,2025-02-12T06:09:33-06:00,2025-02-12T07:18:33.141000+00:00
c9a6edb0-3b56-4f8e-b389-71714f89f243-f16ed236-1901-432c-af9d-4ab7603b15a6,c9a6edb0-3b56-4f8e-b389-71714f89f243,sales_order,13331752297796086919,5062,5516,BENTONVILLE,AR,US,32.779998779296875,VISA_TENDER,68,SCAN_AND_GO,9068,SAMS,CARD,COMPLETED,John Doe,0001,400555,2025-02-12,2025-02-12T06:09:25-06:00,2025-02-12T07:18:33.141000+00:00
b4b728c9-84cf-460c-a83a-20a20a4b56d4-0061ec51-d4f6-4f33-ae49-ea0aa9c752dc,b4b728c9-84cf-460c-a83a-20a20a4b56d4,sales_order,13731256207799080999,1802,5516,BENTONVILLE,AR,US,2.0,VISA_TENDER,61,SCAN_AND_GO,9061,SAMS,CARD,COMPLETED,John Doe,0001,400555,2025-02-12,2025-02-12T06:09:20-06:00,2025-02-12T07:18:33.141000+00:00
