all_order_id,all_order_type,custLkp,all_datetime,all_store,all_tender_amt,all_card_method,scanandgo_order_id,scanandgo_datetime,scanandgo_store,scanandgo_tender_amt,scanandgo_card_method
4350ecab-a06b-4d03-b3a7-2e3416142940,sales_order,653A7B9A8F29FF6755B860649C277579530340281316,2022-12-09T18:42:29-06:00,5528,0.9700000286102295,STORED,b2af05b3-9798-4d80-86b4-2d7905bebf99,2025-02-10T23:02:43-06:00,5588,32.16999816894531,SCAN_AND_GO
4350ecab-a06b-4d03-b3a7-2e3416142940,sales_order,653A7B9A8F29FF6755B860649C277579530340281316,2022-12-09T18:42:29-06:00,5528,0.9700000286102295,STORED,3b8548b9-9e83-4e64-ac76-74e269f02451,2025-02-11T14:14:21-06:00,5588,11.279999732971191,SCAN_AND_GO
0d89d382-4f73-463f-b7a3-4775848e4be8,sales_order,653A7B9A8F29FF6755B860649C277579530340281316,2022-12-09T19:04:05-06:00,5528,0.9700000286102295,STORED,b2af05b3-9798-4d80-86b4-2d7905bebf99,2025-02-10T23:02:43-06:00,5588,32.16999816894531,SCAN_AND_GO
0d89d382-4f73-463f-b7a3-4775848e4be8,sales_order,653A7B9A8F29FF6755B860649C277579530340281316,2022-12-09T19:04:05-06:00,5528,0.9700000286102295,STORED,3b8548b9-9e83-4e64-ac76-74e269f02451,2025-02-11T14:14:21-06:00,5588,11.279999732971191,SCAN_AND_GO
f79d6cc1-f8e1-42fa-8495-d1604f929fdc,sales_order,653A7B9A8F29FF6755B860649C277579530340281316,2022-12-09T19:28:44-06:00,5528,99.02999877929688,STORED,b2af05b3-9798-4d80-86b4-2d7905bebf99,2025-02-10T23:02:43-06:00,5588,32.16999816894531,SCAN_AND_GO
f79d6cc1-f8e1-42fa-8495-d1604f929fdc,sales_order,653A7B9A8F29FF6755B860649C277579530340281316,2022-12-09T19:28:44-06:00,5528,99.02999877929688,STORED,3b8548b9-9e83-4e64-ac76-74e269f02451,2025-02-11T14:14:21-06:00,5588,11.279999732971191,SCAN_AND_GO
2a2bcbbe-b865-4e26-a8ce-0b4a41f24cb1,sales_order,653A7B9A8F29FF6755B860649C277579530340281316,2022-12-09T14:06:51-06:00,5528,2.819999933242798,STORED,b2af05b3-9798-4d80-86b4-2d7905bebf99,2025-02-10T23:02:43-06:00,5588,32.16999816894531,SCAN_AND_GO
2a2bcbbe-b865-4e26-a8ce-0b4a41f24cb1,sales_order,653A7B9A8F29FF6755B860649C277579530340281316,2022-12-09T14:06:51-06:00,5528,2.819999933242798,STORED,3b8548b9-9e83-4e64-ac76-74e269f02451,2025-02-11T14:14:21-06:00,5588,11.279999732971191,SCAN_AND_GO
6c52b37e-26b3-4933-b7cc-b747c8b1cf70,sales_order,77C3BD1121DB6F9A4B177A019D052014195920367815,2024-02-07T15:45:07-06:00,5582,8.260000228881836,STORED,bd1c4d92-8f50-4a2e-9b92-97a713602e5c,2025-02-11T14:28:51-06:00,5588,34.90999984741211,SCAN_AND_GO
6c52b37e-26b3-4933-b7cc-b747c8b1cf70,sales_order,77C3BD1121DB6F9A4B177A019D052014195920367815,2024-02-07T15:45:07-06:00,5582,8.260000228881836,STORED,4991e854-79b1-4b3f-8545-cb50d25c3ef8,2025-02-11T14:09:52-06:00,5588,34.90999984741211,SCAN_AND_GO
2dfb32dc-d02e-4358-9c3e-c38c8075b91d,sales_order,77C3BD1121DB6F9A4B177A019D052014195920367815,2024-02-07T11:02:42-06:00,5582,12.260000228881836,STORED,bd1c4d92-8f50-4a2e-9b92-97a713602e5c,2025-02-11T14:28:51-06:00,5588,34.90999984741211,SCAN_AND_GO
2dfb32dc-d02e-4358-9c3e-c38c8075b91d,sales_order,77C3BD1121DB6F9A4B177A019D052014195920367815,2024-02-07T11:02:42-06:00,5582,12.260000228881836,STORED,4991e854-79b1-4b3f-8545-cb50d25c3ef8,2025-02-11T14:09:52-06:00,5588,34.90999984741211,SCAN_AND_GO
92259baa-95a6-4111-8088-728a02ad74b4,sales_order,77C3BD1121DB6F9A4B177A019D052014195920367815,2024-02-07T10:03:35-06:00,5582,8.0,STORED,bd1c4d92-8f50-4a2e-9b92-97a713602e5c,2025-02-11T14:28:51-06:00,5588,34.90999984741211,SCAN_AND_GO
92259baa-95a6-4111-8088-728a02ad74b4,sales_order,77C3BD1121DB6F9A4B177A019D052014195920367815,2024-02-07T10:03:35-06:00,5582,8.0,STORED,4991e854-79b1-4b3f-8545-cb50d25c3ef8,2025-02-11T14:09:52-06:00,5588,34.90999984741211,SCAN_AND_GO
350488cb-df2b-4b0c-979c-ed861e534d96,sales_order,AC80EB19D076853BFE1DEDF428614126209534034019,2023-09-26T16:25:43-05:00,5582,20.0,STORED,0894314b-9e69-4a97-9ab4-022d13fb073a,2025-02-11T19:17:34-06:00,5525,5.909999847412109,SCAN_AND_GO
350488cb-df2b-4b0c-979c-ed861e534d96,sales_order,AC80EB19D076853BFE1DEDF428614126209534034019,2023-09-26T16:25:43-05:00,5582,20.0,STORED,e1a94ad2-2ac3-4f9d-97e9-7295fe064417,2025-02-11T17:59:37-06:00,5525,5.909999847412109,SCAN_AND_GO
350488cb-df2b-4b0c-979c-ed861e534d96,sales_order,AC80EB19D076853BFE1DEDF428614126209534034019,2023-09-26T16:25:43-05:00,5582,20.0,STORED,f710766d-959a-45b5-ba81-9507b7bba788,2025-02-11T16:22:58-06:00,5588,249.39999389648438,SCAN_AND_GO
350488cb-df2b-4b0c-979c-ed861e534d96,sales_order,AC80EB19D076853BFE1DEDF428614126209534034019,2023-09-26T16:25:43-05:00,5582,20.0,STORED,f710766d-959a-45b5-ba81-9507b7bba788,2025-02-11T16:22:58-06:00,5588,249.39999389648438,SCAN_AND_GO
350488cb-df2b-4b0c-979c-ed861e534d96,sales_order,AC80EB19D076853BFE1DEDF428614126209534034019,2023-09-26T16:25:43-05:00,5582,20.0,STORED,42bbe6fe-a019-4c44-8e66-9916ae362ce8,2025-02-11T23:13:28-06:00,5588,249.39999389648438,SCAN_AND_GO
350488cb-df2b-4b0c-979c-ed861e534d96,sales_order,AC80EB19D076853BFE1DEDF428614126209534034019,2023-09-26T16:25:43-05:00,5582,20.0,STORED,ad1de718-e7b9-43c1-b4a8-690003976f39,2025-02-11T15:14:35-06:00,5588,249.39999389648438,SCAN_AND_GO
350488cb-df2b-4b0c-979c-ed861e534d96,sales_order,AC80EB19D076853BFE1DEDF428614126209534034019,2023-09-26T16:25:43-05:00,5582,20.0,STORED,ad1de718-e7b9-43c1-b4a8-690003976f39,2025-02-11T15:14:35-06:00,5588,249.39999389648438,SCAN_AND_GO
350488cb-df2b-4b0c-979c-ed861e534d96,sales_order,AC80EB19D076853BFE1DEDF428614126209534034019,2023-09-26T16:25:43-05:00,5582,20.0,STORED,9e8e4e27-0ea1-4550-be3c-dc83c7cfbb64,2025-02-11T18:16:34-06:00,5588,249.39999389648438,SCAN_AND_GO
350488cb-df2b-4b0c-979c-ed861e534d96,sales_order,AC80EB19D076853BFE1DEDF428614126209534034019,2023-09-26T16:25:43-05:00,5582,20.0,STORED,3a16dfeb-55d7-4eaa-97a4-de9161697a8f,2025-02-11T17:49:57-06:00,5588,249.39999389648438,SCAN_AND_GO
350488cb-df2b-4b0c-979c-ed861e534d96,sales_order,AC80EB19D076853BFE1DEDF428614126209534034019,2023-09-26T16:25:43-05:00,5582,20.0,STORED,3405808b-35d0-490c-afae-d524e52a5a27,2025-02-11T18:07:33-06:00,5588,249.39999389648438,SCAN_AND_GO
350488cb-df2b-4b0c-979c-ed861e534d96,sales_order,AC80EB19D076853BFE1DEDF428614126209534034019,2023-09-26T16:25:43-05:00,5582,20.0,STORED,3a16dfeb-55d7-4eaa-97a4-de9161697a8f,2025-02-11T17:49:57-06:00,5588,249.39999389648438,SCAN_AND_GO
350488cb-df2b-4b0c-979c-ed861e534d96,sales_order,AC80EB19D076853BFE1DEDF428614126209534034019,2023-09-26T16:25:43-05:00,5582,20.0,STORED,2f924e44-fb4b-4eb1-ba2f-f4bd161972bc,2025-02-11T19:16:07-06:00,5588,249.39999389648438,SCAN_AND_GO
350488cb-df2b-4b0c-979c-ed861e534d96,sales_order,AC80EB19D076853BFE1DEDF428614126209534034019,2023-09-26T16:25:43-05:00,5582,20.0,STORED,5570be08-8a0f-4c2b-a531-553717fa7d14,2025-02-11T23:16:13-06:00,5516,299.6000061035156,SCAN_AND_GO
350488cb-df2b-4b0c-979c-ed861e534d96,sales_order,AC80EB19D076853BFE1DEDF428614126209534034019,2023-09-26T16:25:43-05:00,5582,20.0,STORED,76277d65-a89b-4b99-9010-b4cbb0762858,2025-02-11T21:46:03-06:00,5516,18.75,SCAN_AND_GO
350488cb-df2b-4b0c-979c-ed861e534d96,sales_order,AC80EB19D076853BFE1DEDF428614126209534034019,2023-09-26T16:25:43-05:00,5582,20.0,STORED,ce087916-8efc-428a-80c5-f13e70ac41df,2025-02-11T23:12:24-06:00,5516,87.13999938964844,SCAN_AND_GO
350488cb-df2b-4b0c-979c-ed861e534d96,sales_order,AC80EB19D076853BFE1DEDF428614126209534034019,2023-09-26T16:25:43-05:00,5582,20.0,STORED,ce087916-8efc-428a-80c5-f13e70ac41df,2025-02-11T23:12:24-06:00,5516,87.13999938964844,SCAN_AND_GO
350488cb-df2b-4b0c-979c-ed861e534d96,sales_order,AC80EB19D076853BFE1DEDF428614126209534034019,2023-09-26T16:25:43-05:00,5582,20.0,STORED,72abd1dc-75c8-474d-b041-986e564414e7,2025-02-11T15:57:56-06:00,5516,18.75,SCAN_AND_GO
350488cb-df2b-4b0c-979c-ed861e534d96,sales_order,AC80EB19D076853BFE1DEDF428614126209534034019,2023-09-26T16:25:43-05:00,5582,20.0,STORED,3cdce5a7-6770-4f3a-8262-671a6919a1ec,2025-02-11T18:06:39-06:00,5516,16.459999084472656,SCAN_AND_GO
350488cb-df2b-4b0c-979c-ed861e534d96,sales_order,AC80EB19D076853BFE1DEDF428614126209534034019,2023-09-26T16:25:43-05:00,5582,20.0,STORED,5d5e4909-bbcb-4966-9275-1f2e1890f277,2025-02-11T18:19:50-06:00,5516,115.80000305175781,SCAN_AND_GO
350488cb-df2b-4b0c-979c-ed861e534d96,sales_order,AC80EB19D076853BFE1DEDF428614126209534034019,2023-09-26T16:25:43-05:00,5582,20.0,STORED,d4cb10e8-7c59-4369-97ba-9d5916b6daa8,2025-02-11T19:19:13-06:00,5516,32.779998779296875,SCAN_AND_GO
350488cb-df2b-4b0c-979c-ed861e534d96,sales_order,AC80EB19D076853BFE1DEDF428614126209534034019,2023-09-26T16:25:43-05:00,5582,20.0,STORED,832585f6-1ba6-4bec-8123-19235718ac5a,2025-02-11T18:06:16-06:00,5516,146.38999938964844,SCAN_AND_GO
350488cb-df2b-4b0c-979c-ed861e534d96,sales_order,AC80EB19D076853BFE1DEDF428614126209534034019,2023-09-26T16:25:43-05:00,5582,20.0,STORED,832585f6-1ba6-4bec-8123-19235718ac5a,2025-02-11T18:06:16-06:00,5516,146.38999938964844,SCAN_AND_GO
350488cb-df2b-4b0c-979c-ed861e534d96,sales_order,AC80EB19D076853BFE1DEDF428614126209534034019,2023-09-26T16:25:43-05:00,5582,20.0,STORED,832585f6-1ba6-4bec-8123-19235718ac5a,2025-02-11T18:06:16-06:00,5516,146.38999938964844,SCAN_AND_GO
350488cb-df2b-4b0c-979c-ed861e534d96,sales_order,AC80EB19D076853BFE1DEDF428614126209534034019,2023-09-26T16:25:43-05:00,5582,20.0,STORED,c999e53b-13bb-4b75-ae4a-f431bb690246,2025-02-11T18:09:59-06:00,5516,2.0,SCAN_AND_GO
350488cb-df2b-4b0c-979c-ed861e534d96,sales_order,AC80EB19D076853BFE1DEDF428614126209534034019,2023-09-26T16:25:43-05:00,5582,20.0,STORED,c999e53b-13bb-4b75-ae4a-f431bb690246,2025-02-11T18:09:59-06:00,5516,63.75,SCAN_AND_GO
350488cb-df2b-4b0c-979c-ed861e534d96,sales_order,AC80EB19D076853BFE1DEDF428614126209534034019,2023-09-26T16:25:43-05:00,5582,20.0,STORED,5a42e5d0-2fe8-401a-ad5a-56109d8bc290,2025-02-11T18:16:05-06:00,5516,2.0,SCAN_AND_GO
350488cb-df2b-4b0c-979c-ed861e534d96,sales_order,AC80EB19D076853BFE1DEDF428614126209534034019,2023-09-26T16:25:43-05:00,5582,20.0,STORED,5a42e5d0-2fe8-401a-ad5a-56109d8bc290,2025-02-11T18:16:05-06:00,5516,2.0,SCAN_AND_GO
350488cb-df2b-4b0c-979c-ed861e534d96,sales_order,AC80EB19D076853BFE1DEDF428614126209534034019,2023-09-26T16:25:43-05:00,5582,20.0,STORED,5a42e5d0-2fe8-401a-ad5a-56109d8bc290,2025-02-11T18:16:05-06:00,5516,1.9199999570846558,SCAN_AND_GO
350488cb-df2b-4b0c-979c-ed861e534d96,sales_order,AC80EB19D076853BFE1DEDF428614126209534034019,2023-09-26T16:25:43-05:00,5582,20.0,STORED,5a42e5d0-2fe8-401a-ad5a-56109d8bc290,2025-02-11T18:16:05-06:00,5516,1.9199999570846558,SCAN_AND_GO
350488cb-df2b-4b0c-979c-ed861e534d96,sales_order,AC80EB19D076853BFE1DEDF428614126209534034019,2023-09-26T16:25:43-05:00,5582,20.0,STORED,77b5d095-811e-477f-ab37-ab9a5447d034,2025-02-11T18:16:38-06:00,5516,4.360000133514404,SCAN_AND_GO
350488cb-df2b-4b0c-979c-ed861e534d96,sales_order,AC80EB19D076853BFE1DEDF428614126209534034019,2023-09-26T16:25:43-05:00,5582,20.0,STORED,d5b10250-2682-4ff3-9264-6bbfc77015a6,2025-02-11T19:21:38-06:00,5516,153.5800018310547,SCAN_AND_GO
350488cb-df2b-4b0c-979c-ed861e534d96,sales_order,AC80EB19D076853BFE1DEDF428614126209534034019,2023-09-26T16:25:43-05:00,5582,20.0,STORED,a6185afb-941d-4988-bdaa-83d20a4cfa38,2025-02-11T23:12:28-06:00,5516,82.51000213623047,SCAN_AND_GO
350488cb-df2b-4b0c-979c-ed861e534d96,sales_order,AC80EB19D076853BFE1DEDF428614126209534034019,2023-09-26T16:25:43-05:00,5582,20.0,STORED,a6185afb-941d-4988-bdaa-83d20a4cfa38,2025-02-11T23:12:28-06:00,5516,82.51000213623047,SCAN_AND_GO
350488cb-df2b-4b0c-979c-ed861e534d96,sales_order,AC80EB19D076853BFE1DEDF428614126209534034019,2023-09-26T16:25:43-05:00,5582,20.0,STORED,d90ff739-93a0-4ea3-bd9a-50b89036a55e,2025-02-11T23:12:53-06:00,5516,5.599999904632568,SCAN_AND_GO
350488cb-df2b-4b0c-979c-ed861e534d96,sales_order,AC80EB19D076853BFE1DEDF428614126209534034019,2023-09-26T16:25:43-05:00,5582,20.0,STORED,bd2411e6-7c01-4f94-9844-ba6498eccb05,2025-02-11T23:13:17-06:00,5516,32.779998779296875,SCAN_AND_GO
350488cb-df2b-4b0c-979c-ed861e534d96,sales_order,AC80EB19D076853BFE1DEDF428614126209534034019,2023-09-26T16:25:43-05:00,5582,20.0,STORED,95be802c-a038-454c-8962-9678d1b6e54c,2025-02-11T21:45:08-06:00,5516,115.80000305175781,SCAN_AND_GO
350488cb-df2b-4b0c-979c-ed861e534d96,sales_order,AC80EB19D076853BFE1DEDF428614126209534034019,2023-09-26T16:25:43-05:00,5582,20.0,STORED,8d114d72-c6fe-4d3a-b241-1ee34336c18b,2025-02-11T23:13:36-06:00,5516,2.1600000858306885,SCAN_AND_GO
350488cb-df2b-4b0c-979c-ed861e534d96,sales_order,AC80EB19D076853BFE1DEDF428614126209534034019,2023-09-26T16:25:43-05:00,5582,20.0,STORED,327eb8f2-fbf2-47ea-90fd-74701ff6d3f7,2025-02-11T23:16:38-06:00,5516,65.75,SCAN_AND_GO
350488cb-df2b-4b0c-979c-ed861e534d96,sales_order,AC80EB19D076853BFE1DEDF428614126209534034019,2023-09-26T16:25:43-05:00,5582,20.0,STORED,1d5f2e3e-ecda-4541-bf6f-f56b50c9e8aa,2025-02-11T17:49:43-06:00,5516,63.75,SCAN_AND_GO
350488cb-df2b-4b0c-979c-ed861e534d96,sales_order,AC80EB19D076853BFE1DEDF428614126209534034019,2023-09-26T16:25:43-05:00,5582,20.0,STORED,d24d0e0d-763d-4678-96e8-de2dd628da25,2025-02-11T17:50:24-06:00,5516,68.97000122070312,SCAN_AND_GO
350488cb-df2b-4b0c-979c-ed861e534d96,sales_order,AC80EB19D076853BFE1DEDF428614126209534034019,2023-09-26T16:25:43-05:00,5582,20.0,STORED,c74d09aa-7b40-4ac2-891e-e61ce4bf02bc,2025-02-11T18:08:12-06:00,5516,68.97000122070312,SCAN_AND_GO
350488cb-df2b-4b0c-979c-ed861e534d96,sales_order,AC80EB19D076853BFE1DEDF428614126209534034019,2023-09-26T16:25:43-05:00,5582,20.0,STORED,b40eda39-cddd-4187-a4fe-05e65a84150b,2025-02-11T18:08:37-06:00,5516,21.040000915527344,SCAN_AND_GO
350488cb-df2b-4b0c-979c-ed861e534d96,sales_order,AC80EB19D076853BFE1DEDF428614126209534034019,2023-09-26T16:25:43-05:00,5582,20.0,STORED,b40eda39-cddd-4187-a4fe-05e65a84150b,2025-02-11T18:08:37-06:00,5516,21.040000915527344,SCAN_AND_GO
350488cb-df2b-4b0c-979c-ed861e534d96,sales_order,AC80EB19D076853BFE1DEDF428614126209534034019,2023-09-26T16:25:43-05:00,5582,20.0,STORED,f035837d-0f8a-40da-bd4d-9a00c5778d6a,2025-02-11T18:09:24-06:00,5516,57.310001373291016,SCAN_AND_GO
350488cb-df2b-4b0c-979c-ed861e534d96,sales_order,AC80EB19D076853BFE1DEDF428614126209534034019,2023-09-26T16:25:43-05:00,5582,20.0,STORED,f035837d-0f8a-40da-bd4d-9a00c5778d6a,2025-02-11T18:09:24-06:00,5516,57.310001373291016,SCAN_AND_GO
350488cb-df2b-4b0c-979c-ed861e534d96,sales_order,AC80EB19D076853BFE1DEDF428614126209534034019,2023-09-26T16:25:43-05:00,5582,20.0,STORED,0e92ec69-efc3-4127-8183-b7a40794c398,2025-02-11T19:15:06-06:00,5516,2.0,SCAN_AND_GO
350488cb-df2b-4b0c-979c-ed861e534d96,sales_order,AC80EB19D076853BFE1DEDF428614126209534034019,2023-09-26T16:25:43-05:00,5582,20.0,STORED,0e92ec69-efc3-4127-8183-b7a40794c398,2025-02-11T19:15:06-06:00,5516,63.75,SCAN_AND_GO
350488cb-df2b-4b0c-979c-ed861e534d96,sales_order,AC80EB19D076853BFE1DEDF428614126209534034019,2023-09-26T16:25:43-05:00,5582,20.0,STORED,b7f7c29c-5f37-4f06-b04a-4ef089671905,2025-02-11T23:15:29-06:00,5516,57.310001373291016,SCAN_AND_GO
350488cb-df2b-4b0c-979c-ed861e534d96,sales_order,AC80EB19D076853BFE1DEDF428614126209534034019,2023-09-26T16:25:43-05:00,5582,20.0,STORED,b7f7c29c-5f37-4f06-b04a-4ef089671905,2025-02-11T23:15:29-06:00,5516,57.310001373291016,SCAN_AND_GO
350488cb-df2b-4b0c-979c-ed861e534d96,sales_order,AC80EB19D076853BFE1DEDF428614126209534034019,2023-09-26T16:25:43-05:00,5582,20.0,STORED,87a775fc-4b55-4bd6-b391-fab68924f1c5,2025-02-11T18:10:09-06:00,5516,66.80999755859375,SCAN_AND_GO
350488cb-df2b-4b0c-979c-ed861e534d96,sales_order,AC80EB19D076853BFE1DEDF428614126209534034019,2023-09-26T16:25:43-05:00,5582,20.0,STORED,a246ad16-68cb-45a6-a20f-6290d82e2b28,2025-02-11T18:17:07-06:00,5516,68.97000122070312,SCAN_AND_GO
350488cb-df2b-4b0c-979c-ed861e534d96,sales_order,AC80EB19D076853BFE1DEDF428614126209534034019,2023-09-26T16:25:43-05:00,5582,20.0,STORED,51bfb5d5-c92e-426b-9c1b-2041a50bdcba,2025-02-11T23:13:56-06:00,5516,65.75,SCAN_AND_GO
350488cb-df2b-4b0c-979c-ed861e534d96,sales_order,AC80EB19D076853BFE1DEDF428614126209534034019,2023-09-26T16:25:43-05:00,5582,20.0,STORED,2217567b-7eaa-43c4-bcb1-7d0c9ce66662,2025-02-11T23:16:26-06:00,5516,66.80999755859375,SCAN_AND_GO
350488cb-df2b-4b0c-979c-ed861e534d96,sales_order,AC80EB19D076853BFE1DEDF428614126209534034019,2023-09-26T16:25:43-05:00,5582,20.0,STORED,111ce612-cdd9-4c72-a635-dcc3dd0e5832,2025-02-11T21:45:53-06:00,5516,18.75,SCAN_AND_GO
350488cb-df2b-4b0c-979c-ed861e534d96,sales_order,AC80EB19D076853BFE1DEDF428614126209534034019,2023-09-26T16:25:43-05:00,5582,20.0,STORED,945d2054-b69d-4340-92d3-6b75f0b7bbec,2025-02-11T15:58:06-06:00,5516,115.80000305175781,SCAN_AND_GO
350488cb-df2b-4b0c-979c-ed861e534d96,sales_order,AC80EB19D076853BFE1DEDF428614126209534034019,2023-09-26T16:25:43-05:00,5582,20.0,STORED,f69efc6b-720e-45f7-a451-181308e7311c,2025-02-11T18:06:43-06:00,5516,130.52999877929688,SCAN_AND_GO
350488cb-df2b-4b0c-979c-ed861e534d96,sales_order,AC80EB19D076853BFE1DEDF428614126209534034019,2023-09-26T16:25:43-05:00,5582,20.0,STORED,0a198baa-db5e-470f-98aa-a52b73c87950,2025-02-11T18:16:04-06:00,5516,5.599999904632568,SCAN_AND_GO
350488cb-df2b-4b0c-979c-ed861e534d96,sales_order,AC80EB19D076853BFE1DEDF428614126209534034019,2023-09-26T16:25:43-05:00,5582,20.0,STORED,a40075c3-0354-40c4-b182-26fab45afe19,2025-02-11T19:14:52-06:00,5516,130.52999877929688,SCAN_AND_GO
350488cb-df2b-4b0c-979c-ed861e534d96,sales_order,AC80EB19D076853BFE1DEDF428614126209534034019,2023-09-26T16:25:43-05:00,5582,20.0,STORED,158bea81-576f-40bf-bafc-f7537183d501,2025-02-11T18:07:53-06:00,5516,65.75,SCAN_AND_GO
350488cb-df2b-4b0c-979c-ed861e534d96,sales_order,AC80EB19D076853BFE1DEDF428614126209534034019,2023-09-26T16:25:43-05:00,5582,20.0,STORED,a6ff3fd2-eb71-4a43-9d13-ec245f6d49c3,2025-02-11T18:15:54-06:00,5516,2.0,SCAN_AND_GO
350488cb-df2b-4b0c-979c-ed861e534d96,sales_order,AC80EB19D076853BFE1DEDF428614126209534034019,2023-09-26T16:25:43-05:00,5582,20.0,STORED,a6ff3fd2-eb71-4a43-9d13-ec245f6d49c3,2025-02-11T18:15:54-06:00,5516,63.75,SCAN_AND_GO
350488cb-df2b-4b0c-979c-ed861e534d96,sales_order,AC80EB19D076853BFE1DEDF428614126209534034019,2023-09-26T16:25:43-05:00,5582,20.0,STORED,ecf752d5-22bd-45c2-bad7-61018d7e319e,2025-02-11T18:18:20-06:00,5516,57.310001373291016,SCAN_AND_GO
350488cb-df2b-4b0c-979c-ed861e534d96,sales_order,AC80EB19D076853BFE1DEDF428614126209534034019,2023-09-26T16:25:43-05:00,5582,20.0,STORED,ecf752d5-22bd-45c2-bad7-61018d7e319e,2025-02-11T18:18:20-06:00,5516,57.310001373291016,SCAN_AND_GO
350488cb-df2b-4b0c-979c-ed861e534d96,sales_order,AC80EB19D076853BFE1DEDF428614126209534034019,2023-09-26T16:25:43-05:00,5582,20.0,STORED,d2f47722-e9c4-4e02-afa7-8ab9241691ca,2025-02-11T18:19:18-06:00,5516,66.80999755859375,SCAN_AND_GO
350488cb-df2b-4b0c-979c-ed861e534d96,sales_order,AC80EB19D076853BFE1DEDF428614126209534034019,2023-09-26T16:25:43-05:00,5582,20.0,STORED,5534e7e4-af77-4a2b-9042-6d46d6098dd1,2025-02-11T19:27:12-06:00,5516,1.9199999570846558,SCAN_AND_GO
350488cb-df2b-4b0c-979c-ed861e534d96,sales_order,AC80EB19D076853BFE1DEDF428614126209534034019,2023-09-26T16:25:43-05:00,5582,20.0,STORED,5534e7e4-af77-4a2b-9042-6d46d6098dd1,2025-02-11T19:27:12-06:00,5516,1.9199999570846558,SCAN_AND_GO
350488cb-df2b-4b0c-979c-ed861e534d96,sales_order,AC80EB19D076853BFE1DEDF428614126209534034019,2023-09-26T16:25:43-05:00,5582,20.0,STORED,39a778bb-d33f-4e93-965f-54c55bd719b2,2025-02-11T18:07:04-06:00,5516,2.0,SCAN_AND_GO
350488cb-df2b-4b0c-979c-ed861e534d96,sales_order,AC80EB19D076853BFE1DEDF428614126209534034019,2023-09-26T16:25:43-05:00,5582,20.0,STORED,39a778bb-d33f-4e93-965f-54c55bd719b2,2025-02-11T18:07:04-06:00,5516,2.0,SCAN_AND_GO
350488cb-df2b-4b0c-979c-ed861e534d96,sales_order,AC80EB19D076853BFE1DEDF428614126209534034019,2023-09-26T16:25:43-05:00,5582,20.0,STORED,39a778bb-d33f-4e93-965f-54c55bd719b2,2025-02-11T18:07:04-06:00,5516,1.9199999570846558,SCAN_AND_GO
350488cb-df2b-4b0c-979c-ed861e534d96,sales_order,AC80EB19D076853BFE1DEDF428614126209534034019,2023-09-26T16:25:43-05:00,5582,20.0,STORED,39a778bb-d33f-4e93-965f-54c55bd719b2,2025-02-11T18:07:04-06:00,5516,1.9199999570846558,SCAN_AND_GO
350488cb-df2b-4b0c-979c-ed861e534d96,sales_order,AC80EB19D076853BFE1DEDF428614126209534034019,2023-09-26T16:25:43-05:00,5582,20.0,STORED,3b868d64-aadd-48b1-8f7b-8a56bf9a51eb,2025-02-11T18:10:16-06:00,5516,67.91000366210938,SCAN_AND_GO
350488cb-df2b-4b0c-979c-ed861e534d96,sales_order,AC80EB19D076853BFE1DEDF428614126209534034019,2023-09-26T16:25:43-05:00,5582,20.0,STORED,ac07cc51-5896-4cbf-9895-987254742944,2025-02-11T18:10:59-06:00,5516,67.91000366210938,SCAN_AND_GO
350488cb-df2b-4b0c-979c-ed861e534d96,sales_order,AC80EB19D076853BFE1DEDF428614126209534034019,2023-09-26T16:25:43-05:00,5582,20.0,STORED,053cef46-d4ce-4553-b141-077e978bbc85,2025-02-11T18:17:16-06:00,5516,1.1699999570846558,SCAN_AND_GO
350488cb-df2b-4b0c-979c-ed861e534d96,sales_order,AC80EB19D076853BFE1DEDF428614126209534034019,2023-09-26T16:25:43-05:00,5582,20.0,STORED,053cef46-d4ce-4553-b141-077e978bbc85,2025-02-11T18:17:16-06:00,5516,1.1699999570846558,SCAN_AND_GO
350488cb-df2b-4b0c-979c-ed861e534d96,sales_order,AC80EB19D076853BFE1DEDF428614126209534034019,2023-09-26T16:25:43-05:00,5582,20.0,STORED,3cbc182b-3e40-496f-95b9-d60541dd6453,2025-02-11T19:26:33-06:00,5516,4.360000133514404,SCAN_AND_GO
350488cb-df2b-4b0c-979c-ed861e534d96,sales_order,AC80EB19D076853BFE1DEDF428614126209534034019,2023-09-26T16:25:43-05:00,5582,20.0,STORED,3cbc182b-3e40-496f-95b9-d60541dd6453,2025-02-11T19:26:33-06:00,5516,4.360000133514404,SCAN_AND_GO
350488cb-df2b-4b0c-979c-ed861e534d96,sales_order,AC80EB19D076853BFE1DEDF428614126209534034019,2023-09-26T16:25:43-05:00,5582,20.0,STORED,03393306-a40e-4e49-accf-e8fefded4ba4,2025-02-11T19:27:42-06:00,5516,4.360000133514404,SCAN_AND_GO
350488cb-df2b-4b0c-979c-ed861e534d96,sales_order,AC80EB19D076853BFE1DEDF428614126209534034019,2023-09-26T16:25:43-05:00,5582,20.0,STORED,79177b39-cc58-4858-85cc-39fd40850a33,2025-02-11T19:27:46-06:00,5516,6.480000019073486,SCAN_AND_GO
350488cb-df2b-4b0c-979c-ed861e534d96,sales_order,AC80EB19D076853BFE1DEDF428614126209534034019,2023-09-26T16:25:43-05:00,5582,20.0,STORED,33d748f2-1e21-4721-bfc2-12064c43bd21,2025-02-11T23:13:30-06:00,5516,4.360000133514404,SCAN_AND_GO
350488cb-df2b-4b0c-979c-ed861e534d96,sales_order,AC80EB19D076853BFE1DEDF428614126209534034019,2023-09-26T16:25:43-05:00,5582,20.0,STORED,e7b09df2-4d90-4def-9513-7d9248cea497,2025-02-11T23:14:53-06:00,5516,55.75,SCAN_AND_GO
350488cb-df2b-4b0c-979c-ed861e534d96,sales_order,AC80EB19D076853BFE1DEDF428614126209534034019,2023-09-26T16:25:43-05:00,5582,20.0,STORED,bbe36f7c-794b-4546-8f20-a2f70ef67634,2025-02-11T17:50:01-06:00,5516,42.529998779296875,SCAN_AND_GO
350488cb-df2b-4b0c-979c-ed861e534d96,sales_order,AC80EB19D076853BFE1DEDF428614126209534034019,2023-09-26T16:25:43-05:00,5582,20.0,STORED,d60820d6-02a4-4f0e-8197-e7139ec38034,2025-02-11T17:50:07-06:00,5516,65.75,SCAN_AND_GO
350488cb-df2b-4b0c-979c-ed861e534d96,sales_order,AC80EB19D076853BFE1DEDF428614126209534034019,2023-09-26T16:25:43-05:00,5582,20.0,STORED,43b2a451-b0d8-40db-8c8b-c1ab434599e8,2025-02-11T17:52:04-06:00,5516,143.6300048828125,SCAN_AND_GO
350488cb-df2b-4b0c-979c-ed861e534d96,sales_order,AC80EB19D076853BFE1DEDF428614126209534034019,2023-09-26T16:25:43-05:00,5582,20.0,STORED,25067840-19f2-4c83-ab42-3826542d8a10,2025-02-11T18:17:39-06:00,5516,65.75,SCAN_AND_GO
350488cb-df2b-4b0c-979c-ed861e534d96,sales_order,AC80EB19D076853BFE1DEDF428614126209534034019,2023-09-26T16:25:43-05:00,5582,20.0,STORED,a3177eb3-8633-4029-967b-aa6bf90c54a7,2025-02-11T18:17:42-06:00,5516,2.0,SCAN_AND_GO
350488cb-df2b-4b0c-979c-ed861e534d96,sales_order,AC80EB19D076853BFE1DEDF428614126209534034019,2023-09-26T16:25:43-05:00,5582,20.0,STORED,a3177eb3-8633-4029-967b-aa6bf90c54a7,2025-02-11T18:17:42-06:00,5516,63.75,SCAN_AND_GO
